step,number_agent,response,predicted_action,predicted_state,error_message
1,1,"
Okay, let's see. I need to figure out the next move for the Tower of Hanoi problem. The current state is [[3,2,1], [], []], and there's no previous move. The rules say that if the previous move didn't move disk 1, I should move disk 1 clockwise. Since there's no previous move, that applies here.

So, disk 1 is the top disk on peg 0. Moving it clockwise would mean from peg 0 to peg 1. Wait, but the standard Tower of Hanoi solution for 3 disks usually starts by moving the smallest disk to the target peg, which is peg 2. Wait, maybe I'm misunderstanding the clockwise direction here. Let me check the rules again.

The rules say: If the previous move did not move disk 1, move disk 1 clockwise one peg (0 -> 1 -> 2 -> 0). So, since there's no previous move, we move disk 1. The direction is clockwise. So from peg 0, moving clockwise would be to peg 1, then to peg 2, then back to 0. So the first move should be moving disk 1 from peg 0 to peg 1? But in the example given in the problem statement, the first move was [1, 0, 2]. Hmm, that's conflicting. Wait, maybe the example is for a different approach. Let me think.

Wait, the example given for 3 disks had the first move as moving disk 1 from 0 to 2. But according to the rules here, since there's no previous move, we should move disk 1 clockwise. So 0 to 1. But why does the example have it moving to 2? Maybe the example is using a different strategy. Wait, the problem says that the user is to follow the standard Tower of Hanoi procedure as per the given rules. Let me recheck the problem's specific instructions.

The user's problem says: ""Use these clear steps to find the next move given the previous move and current state."" The rules given are:

- If the previous move did not move disk 1, move disk 1 clockwise one peg (0 -> 1 -> 2 -> 0).
- If the previous move did move disk 1, make the only legal move that does not involve moving disk1.

So in this case, since the previous move is None, we move disk 1 clockwise. So from peg 0, moving to peg 1. But wait, the example given in the problem's initial description shows the first move as [1, 0, 2]. That's conflicting. Wait, maybe the example is using a different approach. Let me check the example again.

In the example, the initial state is [[3,2,1], [], []], and the first move is [1,0,2], which is moving disk 1 from peg 0 to peg 2. But according to the rules here, since there's no previous move, we should move disk 1 clockwise. So 0 to 1. So why is the example moving to 2? Maybe the example is using a different rule. Wait, perhaps the problem's rules here are different from the standard Tower of Hanoi. Let me recheck the problem's specific instructions.

The problem says: ""Follow the standard Tower of Hanoi procedure: If the previous move did not move disk 1, move disk 1 clockwise one peg..."". So according to this, the first move should be moving disk 1 from 0 to 1. But",None,None,Could not find move or next_state in the response.
1,2,"
Okay, let's see. I need to figure out the next move for the Tower of Hanoi problem. The current state is [[3,2,1], [], []], and there's no previous move. The rules say that if the previous move didn't move disk 1, I should move disk 1 clockwise. Since there's no previous move, that applies here.

So, disk 1 is the top disk on peg 0. Moving it clockwise would mean from peg 0 to peg 1. Wait, but the standard Tower of Hanoi solution for 3 disks usually starts by moving the smallest disk to the target peg, which is peg 2. Wait, maybe I'm misunderstanding the clockwise direction here. Let me check the rules again.

The rules say: If the previous move did not move disk 1, move disk 1 clockwise one peg (0 -> 1 -> 2 -> 0). So, since there's no previous move, we move disk 1. The direction is clockwise. So from peg 0, moving clockwise would be to peg 1, then to peg 2, then back to 0. So the first move should be moving disk 1 from peg 0 to peg 1? But in the example given in the problem statement, the first move was [1, 0, 2]. Hmm, that's conflicting. Wait, maybe the example is for a different approach. Let me think.

Wait, the example given for 3 disks had the first move as moving disk 1 from 0 to 2. But according to the rules here, since there's no previous move, we should move disk 1 clockwise. So 0 to 1. But why does the example have it moving to 2? Maybe the example is using a different strategy. Wait, the problem says that the user is to follow the standard Tower of Hanoi procedure as per the given rules. Let me recheck the problem's specific instructions.

The user's problem says: ""Use these clear steps to find the next move given the previous move and current state."" The rules given are:

- If the previous move did not move disk 1, move disk 1 clockwise one peg (0 -> 1 -> 2 -> 0).
- If the previous move did move disk 1, make the only legal move that does not involve moving disk1.

So in this case, since the previous move is None, we move disk 1 clockwise. So from peg 0, moving to peg 1. But wait, the example given in the problem's initial description shows the first move as [1, 0, 2]. That's conflicting. Wait, maybe the example is using a different approach. Let me check the example again.

In the example, the initial state is [[3,2,1], [], []], and the first move is [1,0,2], which is moving disk 1 from peg 0 to peg 2. But according to the rules here, since there's no previous move, we should move disk 1 clockwise. So 0 to 1. So why is the example moving to 2? Maybe the example is using a different rule. Wait, perhaps the problem's rules here are different from the standard Tower of Hanoi. Let me recheck the problem's specific instructions.

The problem says: ""Follow the standard Tower of Hanoi procedure: If the previous move did not move disk 1, move disk 1 clockwise one peg..."". So according to this, the first move should be moving disk 1 from 0 to 1. But",None,None,Could not find move or next_state in the response.
1,3,"
Okay, let's see. I need to figure out the next move for the Tower of Hanoi problem. The current state is [[3,2,1], [], []], and there's no previous move. The rules say that if the previous move didn't move disk 1, I should move disk 1 clockwise. Since there's no previous move, that applies here.

So, disk 1 is the top disk on peg 0. Moving it clockwise would mean from peg 0 to peg 1. Wait, but the standard Tower of Hanoi solution for 3 disks usually starts by moving the smallest disk to the target peg, which is peg 2. Wait, maybe I'm misunderstanding the clockwise direction here. Let me check the rules again.

The rules say: If the previous move did not move disk 1, move disk 1 clockwise one peg (0 -> 1 -> 2 -> 0). So, since there's no previous move, we move disk 1. The direction is clockwise. So from peg 0, moving clockwise would be to peg 1, then to peg 2, then back to 0. So the first move should be moving disk 1 from peg 0 to peg 1? But in the example given in the problem statement, the first move was [1, 0, 2]. Hmm, that's conflicting. Wait, maybe the example is for a different approach. Let me think.

Wait, the example given for 3 disks had the first move as moving disk 1 from 0 to 2. But according to the rules here, since there's no previous move, we should move disk 1 clockwise. So 0 to 1. But why does the example have it moving to 2? Maybe the example is using a different strategy. Wait, the problem says that the user is to follow the standard Tower of Hanoi procedure as per the given rules. Let me recheck the problem's specific instructions.

The user's problem says: ""Use these clear steps to find the next move given the previous move and current state."" The rules given are:

- If the previous move did not move disk 1, move disk 1 clockwise one peg (0 -> 1 -> 2 -> 0).
- If the previous move did move disk 1, make the only legal move that does not involve moving disk1.

So in this case, since the previous move is None, we move disk 1 clockwise. So from peg 0, moving to peg 1. But wait, the example given in the problem's initial description shows the first move as [1, 0, 2]. That's conflicting. Wait, maybe the example is using a different approach. Let me check the example again.

In the example, the initial state is [[3,2,1], [], []], and the first move is [1,0,2], which is moving disk 1 from peg 0 to peg 2. But according to the rules here, since there's no previous move, we should move disk 1 clockwise. So 0 to 1. So why is the example moving to 2? Maybe the example is using a different rule. Wait, perhaps the problem's rules here are different from the standard Tower of Hanoi. Let me recheck the problem's specific instructions.

The problem says: ""Follow the standard Tower of Hanoi procedure: If the previous move did not move disk 1, move disk 1 clockwise one peg..."". So according to this, the first move should be moving disk 1 from 0 to 1. But",None,None,Could not find move or next_state in the response.
1,4,"
Okay, let's see. I need to figure out the next move for the Tower of Hanoi problem. The current state is [[3,2,1], [], []], and there's no previous move. The rules say that if the previous move didn't move disk 1, I should move disk 1 clockwise. Since there's no previous move, that applies here.

So, disk 1 is the top disk on peg 0. Moving it clockwise would mean from peg 0 to peg 1. Wait, but the standard Tower of Hanoi solution for 3 disks usually starts by moving the smallest disk to the target peg, which is peg 2. Wait, maybe I'm misunderstanding the clockwise direction here. Let me check the rules again.

The rules say: If the previous move did not move disk 1, move disk 1 clockwise one peg (0 -> 1 -> 2 -> 0). So, since there's no previous move, we move disk 1. The direction is clockwise. So from peg 0, moving clockwise would be to peg 1, then to peg 2, then back to 0. So the first move should be moving disk 1 from peg 0 to peg 1? But in the example given in the problem statement, the first move was [1, 0, 2]. Hmm, that's conflicting. Wait, maybe the example is for a different approach. Let me think.

Wait, the example given for 3 disks had the first move as moving disk 1 from 0 to 2. But according to the rules here, since there's no previous move, we should move disk 1 clockwise. So 0 to 1. But why does the example have it moving to 2? Maybe the example is using a different strategy. Wait, the problem says that the user is to follow the standard Tower of Hanoi procedure as per the given rules. Let me recheck the problem's specific instructions.

The user's problem says: ""Use these clear steps to find the next move given the previous move and current state."" The rules given are:

- If the previous move did not move disk 1, move disk 1 clockwise one peg (0 -> 1 -> 2 -> 0).
- If the previous move did move disk 1, make the only legal move that does not involve moving disk1.

So in this case, since the previous move is None, we move disk 1 clockwise. So from peg 0, moving to peg 1. But wait, the example given in the problem's initial description shows the first move as [1, 0, 2]. That's conflicting. Wait, maybe the example is using a different approach. Let me check the example again.

In the example, the initial state is [[3,2,1], [], []], and the first move is [1,0,2], which is moving disk 1 from peg 0 to peg 2. But according to the rules here, since there's no previous move, we should move disk 1 clockwise. So 0 to 1. So why is the example moving to 2? Maybe the example is using a different rule. Wait, perhaps the problem's rules here are different from the standard Tower of Hanoi. Let me recheck the problem's specific instructions.

The problem says: ""Follow the standard Tower of Hanoi procedure: If the previous move did not move disk 1, move disk 1 clockwise one peg..."". So according to this, the first move should be moving disk 1 from 0 to 1. But",None,None,Could not find move or next_state in the response.
1,5,"
Okay, let's see. I need to figure out the next move for the Tower of Hanoi problem. The current state is [[3,2,1], [], []], and there's no previous move. The rules say that if the previous move didn't move disk 1, I should move disk 1 clockwise. Since there's no previous move, that applies here.

So, disk 1 is the top disk on peg 0. Moving it clockwise would mean from peg 0 to peg 1. Wait, but the standard Tower of Hanoi solution for 3 disks usually starts by moving the smallest disk to the target peg, which is peg 2. Wait, maybe I'm misunderstanding the clockwise direction here. Let me check the rules again.

The rules say: If the previous move did not move disk 1, move disk 1 clockwise one peg (0 -> 1 -> 2 -> 0). So, since there's no previous move, we move disk 1. The direction is clockwise. So from peg 0, moving clockwise would be to peg 1, then to peg 2, then back to 0. So the first move should be moving disk 1 from peg 0 to peg 1? But in the example given in the problem statement, the first move was [1, 0, 2]. Hmm, that's conflicting. Wait, maybe the example is for a different approach. Let me think.

Wait, the example given for 3 disks had the first move as moving disk 1 from 0 to 2. But according to the rules here, since there's no previous move, we should move disk 1 clockwise. So 0 to 1. But why does the example have it moving to 2? Maybe the example is using a different strategy. Wait, the problem says that the user is to follow the standard Tower of Hanoi procedure as per the given rules. Let me recheck the problem's specific instructions.

The user's problem says: ""Use these clear steps to find the next move given the previous move and current state."" The rules given are:

- If the previous move did not move disk 1, move disk 1 clockwise one peg (0 -> 1 -> 2 -> 0).
- If the previous move did move disk 1, make the only legal move that does not involve moving disk1.

So in this case, since the previous move is None, we move disk 1 clockwise. So from peg 0, moving to peg 1. But wait, the example given in the problem's initial description shows the first move as [1, 0, 2]. That's conflicting. Wait, maybe the example is using a different approach. Let me check the example again.

In the example, the initial state is [[3,2,1], [], []], and the first move is [1,0,2], which is moving disk 1 from peg 0 to peg 2. But according to the rules here, since there's no previous move, we should move disk 1 clockwise. So 0 to 1. So why is the example moving to 2? Maybe the example is using a different rule. Wait, perhaps the problem's rules here are different from the standard Tower of Hanoi. Let me recheck the problem's specific instructions.

The problem says: ""Follow the standard Tower of Hanoi procedure: If the previous move did not move disk 1, move disk 1 clockwise one peg..."". So according to this, the first move should be moving disk 1 from 0 to 1. But",None,None,Could not find move or next_state in the response.
1,6,"
Okay, let's see. I need to figure out the next move for the Tower of Hanoi problem. The current state is [[3,2,1], [], []], and there's no previous move. The rules say that if the previous move didn't move disk 1, I should move disk 1 clockwise. Since there's no previous move, that applies here.

So, disk 1 is the top disk on peg 0. Moving it clockwise would mean from peg 0 to peg 1. Wait, but the standard Tower of Hanoi solution for 3 disks usually starts by moving the smallest disk to the target peg, which is peg 2. Wait, maybe I'm misunderstanding the clockwise direction here. Let me check the rules again.

The rules say: If the previous move did not move disk 1, move disk 1 clockwise one peg (0 -> 1 -> 2 -> 0). So, since there's no previous move, we move disk 1. The direction is clockwise. So from peg 0, moving clockwise would be to peg 1, then to peg 2, then back to 0. So the first move should be moving disk 1 from peg 0 to peg 1? But in the example given in the problem statement, the first move was [1, 0, 2]. Hmm, that's conflicting. Wait, maybe the example is for a different approach. Let me think.

Wait, the example given for 3 disks had the first move as moving disk 1 from 0 to 2. But according to the rules here, since there's no previous move, we should move disk 1 clockwise. So 0 to 1. But why does the example have it moving to 2? Maybe the example is using a different strategy. Wait, the problem says that the user is to follow the standard Tower of Hanoi procedure as per the given rules. Let me recheck the problem's specific instructions.

The user's problem says: ""Use these clear steps to find the next move given the previous move and current state."" The rules given are:

- If the previous move did not move disk 1, move disk 1 clockwise one peg (0 -> 1 -> 2 -> 0).
- If the previous move did move disk 1, make the only legal move that does not involve moving disk1.

So in this case, since the previous move is None, we move disk 1 clockwise. So from peg 0, moving to peg 1. But wait, the example given in the problem's initial description shows the first move as [1, 0, 2]. That's conflicting. Wait, maybe the example is using a different approach. Let me check the example again.

In the example, the initial state is [[3,2,1], [], []], and the first move is [1,0,2], which is moving disk 1 from peg 0 to peg 2. But according to the rules here, since there's no previous move, we should move disk 1 clockwise. So 0 to 1. So why is the example moving to 2? Maybe the example is using a different rule. Wait, perhaps the problem's rules here are different from the standard Tower of Hanoi. Let me recheck the problem's specific instructions.

The problem says: ""Follow the standard Tower of Hanoi procedure: If the previous move did not move disk 1, move disk 1 clockwise one peg..."". So according to this, the first move should be moving disk 1 from 0 to 1. But",None,None,Could not find move or next_state in the response.
1,7,"
Okay, let's see. I need to figure out the next move for the Tower of Hanoi problem. The current state is [[3,2,1], [], []], and there's no previous move. The rules say that if the previous move didn't move disk 1, I should move disk 1 clockwise. Since there's no previous move, that applies here.

So, disk 1 is the top disk on peg 0. Moving it clockwise would mean from peg 0 to peg 1. Wait, but the standard Tower of Hanoi solution for 3 disks usually starts by moving the smallest disk to the target peg, which is peg 2. Wait, maybe I'm misunderstanding the clockwise direction here. Let me check the rules again.

The rules say: If the previous move did not move disk 1, move disk 1 clockwise one peg (0 -> 1 -> 2 -> 0). So, since there's no previous move, we move disk 1. The direction is clockwise. So from peg 0, moving clockwise would be to peg 1, then to peg 2, then back to 0. So the first move should be moving disk 1 from peg 0 to peg 1? But in the example given in the problem statement, the first move was [1, 0, 2]. Hmm, that's conflicting. Wait, maybe the example is for a different approach. Let me think.

Wait, the example given for 3 disks had the first move as moving disk 1 from 0 to 2. But according to the rules here, since there's no previous move, we should move disk 1 clockwise. So 0 to 1. But why does the example have it moving to 2? Maybe the example is using a different strategy. Wait, the problem says that the user is to follow the standard Tower of Hanoi procedure as per the given rules. Let me recheck the problem's specific instructions.

The user's problem says: ""Use these clear steps to find the next move given the previous move and current state."" The rules given are:

- If the previous move did not move disk 1, move disk 1 clockwise one peg (0 -> 1 -> 2 -> 0).
- If the previous move did move disk 1, make the only legal move that does not involve moving disk1.

So in this case, since the previous move is None, we move disk 1 clockwise. So from peg 0, moving to peg 1. But wait, the example given in the problem's initial description shows the first move as [1, 0, 2]. That's conflicting. Wait, maybe the example is using a different approach. Let me check the example again.

In the example, the initial state is [[3,2,1], [], []], and the first move is [1,0,2], which is moving disk 1 from peg 0 to peg 2. But according to the rules here, since there's no previous move, we should move disk 1 clockwise. So 0 to 1. So why is the example moving to 2? Maybe the example is using a different rule. Wait, perhaps the problem's rules here are different from the standard Tower of Hanoi. Let me recheck the problem's specific instructions.

The problem says: ""Follow the standard Tower of Hanoi procedure: If the previous move did not move disk 1, move disk 1 clockwise one peg..."". So according to this, the first move should be moving disk 1 from 0 to 1. But",None,None,Could not find move or next_state in the response.
1,8,"
Okay, let's see. I need to figure out the next move for the Tower of Hanoi problem. The current state is [[3,2,1], [], []], and there's no previous move. The rules say that if the previous move didn't move disk 1, I should move disk 1 clockwise. Since there's no previous move, that applies here.

So, disk 1 is the top disk on peg 0. Moving it clockwise would mean from peg 0 to peg 1. Wait, but the standard Tower of Hanoi solution for 3 disks usually starts by moving the smallest disk to the target peg, which is peg 2. Wait, maybe I'm misunderstanding the clockwise direction here. Let me check the rules again.

The rules say: If the previous move did not move disk 1, move disk 1 clockwise one peg (0 -> 1 -> 2 -> 0). So, since there's no previous move, we move disk 1. The direction is clockwise. So from peg 0, moving clockwise would be to peg 1, then to peg 2, then back to 0. So the first move should be moving disk 1 from peg 0 to peg 1? But in the example given in the problem statement, the first move was [1, 0, 2]. Hmm, that's conflicting. Wait, maybe the example is for a different approach. Let me think.

Wait, the example given for 3 disks had the first move as moving disk 1 from 0 to 2. But according to the rules here, since there's no previous move, we should move disk 1 clockwise. So 0 to 1. But why does the example have it moving to 2? Maybe the example is using a different strategy. Wait, the problem says that the user is to follow the standard Tower of Hanoi procedure as per the given rules. Let me recheck the problem's specific instructions.

The user's problem says: ""Use these clear steps to find the next move given the previous move and current state."" The rules given are:

- If the previous move did not move disk 1, move disk 1 clockwise one peg (0 -> 1 -> 2 -> 0).
- If the previous move did move disk 1, make the only legal move that does not involve moving disk1.

So in this case, since the previous move is None, we move disk 1 clockwise. So from peg 0, moving to peg 1. But wait, the example given in the problem's initial description shows the first move as [1, 0, 2]. That's conflicting. Wait, maybe the example is using a different approach. Let me check the example again.

In the example, the initial state is [[3,2,1], [], []], and the first move is [1,0,2], which is moving disk 1 from peg 0 to peg 2. But according to the rules here, since there's no previous move, we should move disk 1 clockwise. So 0 to 1. So why is the example moving to 2? Maybe the example is using a different rule. Wait, perhaps the problem's rules here are different from the standard Tower of Hanoi. Let me recheck the problem's specific instructions.

The problem says: ""Follow the standard Tower of Hanoi procedure: If the previous move did not move disk 1, move disk 1 clockwise one peg..."". So according to this, the first move should be moving disk 1 from 0 to 1. But",None,None,Could not find move or next_state in the response.
1,9,"
Okay, let's see. I need to figure out the next move for the Tower of Hanoi problem. The current state is [[3,2,1], [], []], and there's no previous move. The rules say that if the previous move didn't move disk 1, I should move disk 1 clockwise. Since there's no previous move, that applies here.

So, disk 1 is the top disk on peg 0. Moving it clockwise would mean from peg 0 to peg 1. Wait, but the standard Tower of Hanoi solution for 3 disks usually starts by moving the smallest disk to the target peg, which is peg 2. Wait, maybe I'm misunderstanding the clockwise direction here. Let me check the rules again.

The rules say: If the previous move did not move disk 1, move disk 1 clockwise one peg (0 -> 1 -> 2 -> 0). So, since there's no previous move, we move disk 1. The direction is clockwise. So from peg 0, moving clockwise would be to peg 1, then to peg 2, then back to 0. So the first move should be moving disk 1 from peg 0 to peg 1? But in the example given in the problem statement, the first move was [1, 0, 2]. Hmm, that's conflicting. Wait, maybe the example is for a different approach. Let me think.

Wait, the example given for 3 disks had the first move as moving disk 1 from 0 to 2. But according to the rules here, since there's no previous move, we should move disk 1 clockwise. So 0 to 1. But why does the example have it moving to 2? Maybe the example is using a different strategy. Wait, the problem says that the user is to follow the standard Tower of Hanoi procedure as per the given rules. Let me recheck the problem's specific instructions.

The user's problem says: ""Use these clear steps to find the next move given the previous move and current state."" The rules given are:

- If the previous move did not move disk 1, move disk 1 clockwise one peg (0 -> 1 -> 2 -> 0).
- If the previous move did move disk 1, make the only legal move that does not involve moving disk1.

So in this case, since the previous move is None, we move disk 1 clockwise. So from peg 0, moving to peg 1. But wait, the example given in the problem's initial description shows the first move as [1, 0, 2]. That's conflicting. Wait, maybe the example is using a different approach. Let me check the example again.

In the example, the initial state is [[3,2,1], [], []], and the first move is [1,0,2], which is moving disk 1 from peg 0 to peg 2. But according to the rules here, since there's no previous move, we should move disk 1 clockwise. So 0 to 1. So why is the example moving to 2? Maybe the example is using a different rule. Wait, perhaps the problem's rules here are different from the standard Tower of Hanoi. Let me recheck the problem's specific instructions.

The problem says: ""Follow the standard Tower of Hanoi procedure: If the previous move did not move disk 1, move disk 1 clockwise one peg..."". So according to this, the first move should be moving disk 1 from 0 to 1. But",None,None,Could not find move or next_state in the response.
1,10,"
Okay, let's see. I need to figure out the next move for the Tower of Hanoi problem. The current state is [[3,2,1], [], []], and there's no previous move. The rules say that if the previous move didn't move disk 1, I should move disk 1 clockwise. Since there's no previous move, that applies here.

So, disk 1 is the top disk on peg 0. Moving it clockwise would mean from peg 0 to peg 1. Wait, but the standard Tower of Hanoi solution for 3 disks usually starts by moving the smallest disk to the target peg, which is peg 2. Wait, maybe I'm misunderstanding the clockwise direction here. Let me check the rules again.

The rules say: If the previous move did not move disk 1, move disk 1 clockwise one peg (0 -> 1 -> 2 -> 0). So, since there's no previous move, we move disk 1. The direction is clockwise. So from peg 0, moving clockwise would be to peg 1, then to peg 2, then back to 0. So the first move should be moving disk 1 from peg 0 to peg 1? But in the example given in the problem statement, the first move was [1, 0, 2]. Hmm, that's conflicting. Wait, maybe the example is for a different approach. Let me think.

Wait, the example given for 3 disks had the first move as moving disk 1 from 0 to 2. But according to the rules here, since there's no previous move, we should move disk 1 clockwise. So 0 to 1. But why does the example have it moving to 2? Maybe the example is using a different strategy. Wait, the problem says that the user is to follow the standard Tower of Hanoi procedure as per the given rules. Let me recheck the problem's specific instructions.

The user's problem says: ""Use these clear steps to find the next move given the previous move and current state."" The rules given are:

- If the previous move did not move disk 1, move disk 1 clockwise one peg (0 -> 1 -> 2 -> 0).
- If the previous move did move disk 1, make the only legal move that does not involve moving disk1.

So in this case, since the previous move is None, we move disk 1 clockwise. So from peg 0, moving to peg 1. But wait, the example given in the problem's initial description shows the first move as [1, 0, 2]. That's conflicting. Wait, maybe the example is using a different approach. Let me check the example again.

In the example, the initial state is [[3,2,1], [], []], and the first move is [1,0,2], which is moving disk 1 from peg 0 to peg 2. But according to the rules here, since there's no previous move, we should move disk 1 clockwise. So 0 to 1. So why is the example moving to 2? Maybe the example is using a different rule. Wait, perhaps the problem's rules here are different from the standard Tower of Hanoi. Let me recheck the problem's specific instructions.

The problem says: ""Follow the standard Tower of Hanoi procedure: If the previous move did not move disk 1, move disk 1 clockwise one peg..."". So according to this, the first move should be moving disk 1 from 0 to 1. But",None,None,Could not find move or next_state in the response.
